ISBN,Book-Title,Book-Author,Publisher,Year of Publication
195153448,Classical Mythology,Mark P. O. Morford,Oxford University Press,9992
2005018,Clara Callan,Richard Bruce Wright,HarperFlamingo Canada,9991
60973129,Decision in Normandy,Carlo D'Este,HarperPerennial,1991
374157065,Flu: The Story of the Great Influenza Pandemic of 1918 and the Search for the Virus That Caused It,Gina Bari Kolata,Farrar Straus Giroux,1999
393045218,The Mummies of Urumchi,E. J. W. Barber,W. W. Norton &amp; Company,1999
399135782,The Kitchen God's Wife,Amy Tan,Putnam Pub Group,1991
425176428,What If?: The World's Foremost Military Historians Imagine What Might Have Been,Robert Cowley,Berkley Publishing Group,1999
671870432,PLEADING GUILTY,Scott Turow,Audioworks,1993
679425608,Under the Black Flag: The Romance and the Reality of Life Among the Pirates,David Cordingly,Random House,1996
074322678X,Where You'll Find Me: And Other Stories,Ann Beattie,Scribner,9992
771074670,Nights Below Station Street,David Adams Richards,Emblem Editions,1988
080652121X,Hitler's Secret Bankers: The Myth of Swiss Neutrality During the Holocaust,Adam Lebor,Citadel Press,1999
887841740,The Middle Stories,Sheila Heti,House of Anansi Press,9994
1552041778,Jane Doe,R. J. Kaiser,Mira Books,1999
1558746218,A Second Chicken Soup for the Woman's Soul (Chicken Soup for the Soul Series),Jack Canfield,Health Communications,1998
1567407781,The Witchfinder (Amos Walker Mystery Series),Loren D. Estleman,Brilliance Audio - Trade,1998
1575663937,More Cunning Than Man: A Social History of Rats and Man,Robert Hendrickson,Kensington Publishing Corp.,1999
1881320189,Goodbye to the Buttermilk Sky,Julia Oliver,River City Pub,1994
440234743,The Testament,John Grisham,Dell,1999
452264464,Beloved (Plume Contemporary Fiction),Toni Morrison,Plume,1994
609804618,Our Dumb Century: The Onion Presents 100 Years of Headlines from America's Finest News Source,The Onion,Three Rivers Press,1999
1841721522,New Vegetarian: Bold and Beautiful Recipes for Every Occasion,Celia Brooks Brown,Ryland Peters &amp; Small Ltd,9991
1879384493,If I'd Known Then What I Know Now: Why Not Learn from the Mistakes of Others? : You Can't Afford to Make Them All Yourself,J. R. Parrish,Cypress House,9993
61076031,Mary-Kate &amp; Ashley Switching Goals (Mary-Kate and Ashley Starring in),Mary-Kate &amp; Ashley Olsen,HarperEntertainment,1999
439095026,Tell Me This Isn't Happening,Robynn Clairday,Scholastic,1999
689821166,Flood : Mississippi 1927,Kathleen Duey,Aladdin,1998
971880107,Wild Animus,Rich Shapero,Too Far,9994
345402871,Airframe,Michael Crichton,Ballantine Books,1997
345417623,Timeline,MICHAEL CRICHTON,Ballantine Books,1999
684823802,OUT OF THE SILENT PLANET,C.S. Lewis,Scribner,1996
375759778,Prague : A Novel,ARTHUR PHILLIPS,Random House Trade Paperbacks,9993
425163091,Chocolate Jesus,Stephan Jaramillo,Berkley Publishing Group,1998
3404921038,Wie Barney es sieht.,Mordecai Richler,LÃƒ?Ã‚Â¼bbe,9992
3442353866,Der Fluch der Kaiserin. Ein Richter- Di- Roman.,Eleanor Cooney,Goldmann,9991
3442410665,Sturmzeit. Roman.,Charlotte Link,Goldmann,1991
3442446937,Tage der Unschuld.,Richard North Patterson,Goldmann,1999
375406328,Lying Awake,Mark Salzman,Alfred A. Knopf,1999
446310786,To Kill a Mockingbird,Harper Lee,Little Brown &amp; Company,1988
449005615,Seabiscuit: An American Legend,LAURA HILLENBRAND,Ballantine Books,9992
60168013,Pigs in Heaven,Barbara Kingsolver,Harpercollins,1993
038078243X,Miss Zukas and the Raven's Dance,Jo Dereske,Avon,1996
055321215X,Pride and Prejudice,Jane Austen,Bantam,1983
067176537X,The Therapeutic Touch: How to Use Your Hands to Help or to Heal,Dolores Krieger,Fireside,1979
61099686,Downtown,Anne Rivers Siddons,HarperTorch,1995
553582909,Icebound,Dean R. Koontz,Bantam Books,1999
671888587,I'll Be Seeing You,Mary Higgins Clark,Pocket,1994
553582747,From the Corner of His Eye,Dean Koontz,Bantam Books,9991
425182908,Isle of Dogs,Patricia Cornwell,Berkley Publishing Group,9992
042518630X,Purity in Death,J.D. Robb,Berkley Publishing Group,9992
440223571,This Year It Will Be Different: And Other Stories,Maeve Binchy,Dell,1997
812523873,Proxies,Laura J. Mixon,Tor Books,1999
842342702,Left Behind: A Novel of the Earth's Last Days (Left Behind #1),Tim Lahaye,Tyndale House Publishers,1999
440225701,The Street Lawyer,JOHN GRISHAM,Dell,1999
60914068,"Love, Medicine and Miracles",M.D. Bernie S. Siegel,HarperCollins Publishers,1988
156047624,All the King's Men,Robert Penn Warren,Harvest Books,1982
245542957,Pacific Northwest,Hans Johannes Hoefer,Chambers Harrap Publishers Ltd,1985
380715899,A Soldier of the Great War,Mark Helprin,Avon Books,1992
553280333,Getting Well Again,O. Carol Simonton Md,Bantam,1992
961769947,Northwest Wines and Wineries,Chuck Hill,Speed Graphics,1993
964778319,An Atmosphere of Eternity: Stories of India,David Iglehart,Sunflower Press,9992
671623249,LONESOME DOVE,Larry McMurtry,Pocket,1986
679810307,Shabanu: Daughter of the Wind (Border Trilogy),SUZANNE FISHER STAPLES,Laurel Leaf,1991
679865691,Haveli (Laurel Leaf Books),SUZANNE FISHER STAPLES,Laurel Leaf,1995
2070423204,Lieux dits,Michel Tournier,Gallimard,9992
345260317,The Dragons of Eden: Speculations on the Evolution of Human Intelligence,Carl Sagan,Ballantine Books,1978
394743741,The yawning heights,Aleksandr Zinoviev,Random House,1999
042511774X,Breathing Lessons,Anne Tyler,Berkley Publishing Group,1994
804106304,The Joy Luck Club,Amy Tan,Prentice Hall (K-12),1994
1853262404,Heart of Darkness (Wordsworth Collection),Joseph Conrad,NTC/Contemporary Publishing Company,1998
312970242,The Angel Is Near,Deepak Chopra,St. Martin's Press,1999
1853260053,Tess of the D'Urbervilles (Wordsworth Classics),Thomas Hardy,NTC/Contemporary Publishing Company,1997
1414035004,The Adventures of Drew and Ellie: The Magical Dress,Charles Noland,1stBooks Library,9993
60938412,The Accidental Virgin,Valerie Frankel,Avon Trade,9993
140067477,The Tao of Pooh,Benjamin Hoff,Penguin Books,1983
345465083,Seabiscuit,LAURA HILLENBRAND,Ballantine Books,9993
451625889,The Prince,Niccolo Machiavelli,Signet Book,1952
1558531025,Life's Little Instruction Book (Life's Little Instruction Books (Paperback)),H. Jackson Brown,Thomas Nelson,1991
441783589,Starship Troopers,Robert A. Heinlein,Ace Books,1987
394895894,"The Ruby in the Smoke (Sally Lockhart Trilogy, Book 1)",PHILIP PULLMAN,Laurel Leaf,1988
1569871213,Black Beauty (Illustrated Classics),Anna Sewell,Landoll,1995
375410538,Anil's Ghost,MICHAEL ONDAATJE,Knopf,1999
966986105,Prescription for Terror,Sandra Levy Ceren,Andrew Scott Publishers,1999
087113375X,Modern Manners: An Etiquette Book for Rude People,P.J. O'Rourke,Atlantic Monthly Press,1999
340767936,Turning Thirty,Mike Gayle,Hodder &amp; Stoughton General Division,1999
743403843,Decipher,Stel Pavlou,Simon &amp; Schuster (Trade Division),9992
60930365,"My First Cousin Once Removed: Money, Madness, and the Family of Robert Lowell",Sarah Payne Stuart,Perennial,1999
60177586,Standing Firm: A Vice-Presidential Memoir,Dan Quayle,Harpercollins,1994
71416331,Team Bush : Leadership Lessons from the Bush White House,Donald F. Kettl,McGraw-Hill,9993
375509038,The Right Man : The Surprise Presidency of George W. Bush,DAVID FRUM,Random House,9993
553062042,Daybreakers Louis Lamour Collection,Louis Lamour,Bantam Doubleday Dell,1981
316769487,The Catcher in the Rye,J.D. Salinger,"Little, Brown",1991
8445071408,El Senor De Los Anillos: LA Comunidad Del Anillo (Lord of the Rings (Spanish)),J. R. R. Tolkien,Minotauro,9991
8445071769,El Senor De Los Anillos: Las DOS Torres (Lord of the Rings (Paperback)),J. R. R. Tolkien,Minotauro,9991
8445071777,"El Senor De Los Anillos: El Retorno Del Rey (Tolkien, J. R. R. Lord of the Rings. 3.)",J. R. R. Tolkien,Distribooks,9991
679429220,Midnight in the Garden of Good and Evil: A Savannah Story,John Berendt,Random House,1994
671867156,Pretend You Don't See Her,Mary Higgins Clark,Pocket,1998
312252617,Fast Women,Jennifer Crusie,St. Martin's Press,9991
312261594,Female Intelligence,Jane Heller,St. Martin's Press,9991
316748641,Pasquale's Nose: Idle Days in an Italian Town,Michael Rips,Back Bay Books,9992
316973742,The Gospel of Judas: A Novel,Simon Mawer,Back Bay Books,9992
385235941,"Prize Stories, 1987: The O'Henry Awards",William Abrahams,Doubleday Books,1987
446677450,"Rich Dad, Poor Dad: What the Rich Teach Their Kids About Money--That the Poor and Middle Class Do Not!",Robert T. Kiyosaki,Warner Books,1999
451166892,The Pillars of the Earth,Ken Follett,Signet Book,1996
553347594,McDonald's: Behind the Arches,John F. Love,Bantam,1995
671621009,Creating Wealth : Retire in Ten Years Using Allen's Seven Principles of Wealth!,Robert G. Allen,Fireside,1986
067976397X,Corelli's Mandolin : A Novel,LOUIS DE BERNIERES,Vintage,1995
684822733,"Love, Miracles, and Animal Healing : A heartwarming look at the spiritual bond between animals and humans",Pam Proctor,Fireside,1996
786868716,The Five People You Meet in Heaven,Mitch Albom,Hyperion,9993
8472238822,Tu Nombre Escrito En El Agua (La Sonrisa Vertical),Irene Gonzalez Frei,Tusquets,9992
671864769,Relics (Star Trek: The Next Generation),Michael Jan Friedman,Star Trek,1992
671521519,Bless The Beasts And Children : Bless The Beasts And Children,Glendon Swarthout,Pocket,1995
440222303,"The Touch of Your Shadow, the Whisper of Your Name (Babylon 5, Book 5)",Neal Barrett Jr.,Dell,1996
312953453,Blood Oath,David Morrell,St. Martin's Press,1994
446608653,The Alibi,Sandra Brown,Warner Books,1999
446612545,The Beach House,James Patterson,Warner Books,9993
446612618,A Kiss Remembered,Sandra Brown,Warner Books,9993
451208080,The Short Forever,Stuart Woods,Signet Book,9993
553584383,Dead Aim,IRIS JOHANSEN,Bantam Books,9994
671027360,Angels &amp; Demons,Dan Brown,Pocket Star,9991
812575954,The Deal,Joe Hutsko,Tor Books (Mm),1999
316735736,All He Ever Wanted: A Novel,Anita Shreve,Back Bay Books,9994
743439740,"Every Breath You Take : A True Story of Obsession, Revenge, and Murder",Ann Rule,Pocket,9992
345372700,"If I Ever Get Back to Georgia, I'm Gonna Nail My Feet to the Ground",LEWIS GRIZZARD,Ballantine Books,1991
380619458,The Mosquito Coast,Paul Theroux,Harper Mass Market Paperbacks (Mm),1999
446325805,"If Love Were Oil, I'd Be About a Quart Low",Lewis Grizzard,Warner Books (Mm),1994
451406923,"Goodbye, My Little Ones: The True Story of a Murderous Mother and Five Innocent Victims",Charles Hickey,Onyx Books,1996
671042858,The Girl Who Loved Tom Gordon,Stephen King,Pocket,1999
743249992,Bringing Down the House: The Inside Story of Six M.I.T. Students Who Took Vegas for Millions,Ben Mezrich,Free Press,9993
840734530,"The Oneprince (The Redaemian Chronicles, Book 1)",Bill Hand,Thomas Nelson Inc,1992
425184226,The Sum of All Fears,Tom Clancy,Berkley Publishing Group,9992
375500766,Care Packages : Letters to Christopher Reeve from Strangers and Other Friends,DANA REEVE,Random House,1999
9724119378,O Deus Das Pequenas Coisas,Roy,Edicoes Asa,1998
451205197,Lady in Green/Minor Indiscretions (Signet Regency Romance),Barbara Metzger,Signet Book,9992
60929790,One Hundred Years of Solitude,Gabriel Garcia Marquez,Perennial,1998
60976845,Little Altars Everywhere: A Novel,Rebecca Wells,Perennial,1996
61099325,Coyote Waits (Joe Leaphorn/Jim Chee Novels),Tony Hillerman,HarperTorch,1992
671004573,Before I Say Good-Bye,Mary Higgins Clark,Pocket,9991
446601640,Slow Waltz in Cedar Bend,Robert James Waller,Warner Books,1994
330484516,Twenty Minute Retreats: Revive Your Spirits in Just Minutes a Day (A Pan Self-discovery Title),Rachel Harris,Pan Macmillan,9991
038572179X,Atonement : A Novel,IAN MCEWAN,Anchor,9993
393020371,Next: The Future Just Happened,Michael Lewis,W.W. Norton &amp; Company,9991
1900850303,The Angelic Darkness,Richard Zimler,Arcadia Books,1999
1903019699,The Soulbane Stratagem,Norman Jetmundsen,"John Hunt Publishing, Ltd.",1999
345425294,Gangster,Lorenzo Carcaterra,Fawcett Books,9992
451410319,Hush,Anne Frasier,Onyx Books,9992
553583468,"Whisper of Evil (Hooper, Kay. Evil Trilogy.)",Kay Hooper,Bantam Books,9992
8420639133,Temor y Temblor,Soren Kierkegaard,Alianza,9991
8476409419,Estudios sobre el amor,Jose Ortega Y Gaset,Downtown Book Center,9991
380778556,Rebecca,Daphne Du Maurier,Avon,1994
451525221,Scarlet Letter,Nathaniel Hawthorne,Signet Book,1993
2740230,Keep It Simple: And Get More Out of Life,Nick Page,Trafalgar Square,1999
385336772,Diary of a Mad Mom-To-Be,Laura Wolf,Delta,9993
440949424,Locked in Time (Laurel Leaf Books),LOIS DUNCAN,Laure Leaf,1986
505524996,Contact,Susan Grant,Love Spell,9992
140252800,The Brimstone Wedding,Barbara Vine,Penguin Books Ltd,1997
451452755,The Catswold Portal,Shirley Rousseau Murphy,Roc,1993
812575482,Through Wolf's Eyes (Wolf),Jane Lindskold,Tor Fantasy,9992
044651747X,Puerto Vallarta Squeeze,Robert James Waller,Warner Books,1995
60801263,Tree Grows In Brooklyn,Betty Smith,Harpercollins Publisher,1988
61030147,"Cybill Disobedience: How I Survived Beauty Pageants, Elvis, Sex, Bruce Willis, Lies, Marriage, Motherhood, Hollywood, and the Irrepressible Urge to Say What I Think",Cybill Shepherd,Avon Books,9991
140250964,Snow Angels,Stewart O'Nan,Penguin Books,1995
446527165,Wish You Well,David Baldacci,Warner Books,1999
671461494,The Hitchhiker's Guide to the Galaxy,Douglas Adams,Pocket,1982
385337639,Crow Lake (Today Show Book Club #7),Mary Lawson,Delta,9993
039575514X,My Antonia,Willa Cather,Mariner Books,1995
451206673,Pen Pals,Olivia Goldsmith,Signet Book,9992
330332775,Bridget Jones's Diary,Helen Fielding,Picador (UK),1997
486284735,Pride and Prejudice (Dover Thrift Editions),Jane Austen,Dover Publications,1995
671021745,EYE ON CRIME: HARDY BOYS #153,Franklin W. Dixon,Aladdin,1998
671047612,Skin And Bones,Franklin W. Dixon,Aladdin,1999
671504282,"LAW OF THE JUNGLE (HARDY BOYS CASE FILE 105) : LAW OF THE JUNGLE (Hardy Boys, The)",Franklin W. Dixon,Simon Pulse,1995
399138684,The Cat Who Came to Breakfast (Cat Who... (Hardcover)),Lilian Jackson Braun,Putnam Pub Group,1994
785263292,"If Singleness Is a Gift, What's the Return Policy?",Holly Virden,Nelson Books,9993
830714014,Always Daddy's Girl: Understanding Your Father's Impact on Who You Are,H. Norman Wright,Regal Books,1989
345354931,Night Mare (Xanth Novels (Paperback)),Piers Anthony,Del Rey Books,1999
553278223,The Martian Chronicles,RAY BRADBURY,Spectra,1984
3150000335,Kabale Und Liebe,Schiller,"Philipp Reclam, Jun Verlag GmbH",1999
3257203659,Der illustrierte Mann. ErzÃƒ?Ã‚Â¤hlungen.,Ray Bradbury,Diogenes,9992
3257207522,Der KÃƒ?Ã‚Â¶nig in Gelb.,Raymond Chandler,Diogenes Verlag,1999
3257208626,Fahrenheit 451,Ray Bradbury,Distribooks Inc,1994
3257208634,Die Mars- Chroniken. Roman in ErzÃƒ?Ã‚Â¤hlungen.,Ray Bradbury,Diogenes Verlag,1981
3257208669,Das BÃƒ?Ã‚Â¶se kommt auf leisen Sohlen.,Ray Bradbury,Diogenes,9993
3257210450,LÃƒ?Ã‚Â¶wenzahnwein. Roman.,Ray Bradbury,Diogenes Verlag,1999
3257212054,Das Kind von morgen. ErzÃƒ?Ã‚Â¤hlungen.,Ray Bradbury,Diogenes Verlag,1999
3257212429,Die Mechanismen der Freude. ErzÃƒ?Ã‚Â¤hlungen.,Ray Bradbury,Diogenes Verlag,1999
3257214154,Familientreffen. ErzÃƒ?Ã‚Â¤hlungen.,Ray Bradbury,Diogenes Verlag,1999
3257216416,Der Tod kommt schnell in Mexico. ErzÃƒ?Ã‚Â¤hlungen.,Ray Bradbury,Diogenes Verlag,1988
3257233051,Veronika Deschliesst Zu Sterben / Vernika Decides to Die,Paolo Coelho,Distribooks,9992
342311360X,Die Liebe in Den Zelten,Gabriel Garcia Marquez,Deutscher Taschenbuch Verlag (DTV),1999
3423116714,Die Klone der Joanna May. Roman.,Fay Weldon,Dtv,1993
3423241489,Ist mein Hintern wirklich so dick? Tagebuch einer empfindsamen Frau.,Arabella Weir,Dtv,1998
3426605686,Haifischfrauen.,Kiana Davenport,"Droemersche Verlagsanstalt Th. Knaur Nachf., GmbH &amp; Co.",1996
3453212150,Die Cappuccino- Jahre. Aus dem Tagebuch des Adrian Mole.,Sue Townsend,Heyne,9992
3462021095,Schwarzer Tee mit drei StÃƒÂ¼ck Zucker,Renan Demirkan,Kiepenheuer &amp; Witsch,1991
3492045642,QuerschÃƒ?Ã‚Â¼sse - Downsize This!,Michael Moore,Piper,9993
3498020862,Die Korrekturen.,Jonathan Franzen,"Rowohlt, Reinbek",9992
3499110695,Neun ErzÃƒ?Ã‚Â¤hlungen.,Jerome D. Salinger,Rowohlt Tb.,1968
3499151502,"Hebt den Dachbalken hoch, Zimmerleute / Seymour wird vorgestellt.",Jerome D. Salinger,Rowohlt Tb.,1998
3518111000,"Ulysses (Ãƒ?Ã‚?bersetzg. WollschlÃƒ?Ã‚Â¤ger). ( Neue Folge, 100).",James Joyce,Suhrkamp,1981
3548254268,Eine ganz normale AffÃƒ?Ã‚Â¤re.,Joanna Trollope,Ullstein Tb,9992
3570300099,"Das Intimleben des Adrian Mole, 13 3/4 Jahre. cbt. ( Ab 14 J.).",Sue Townsend,"Bertelsmann, MÃƒ?Ã‚Â¼nchen",9992
3596292646,Das Buch der lÃƒ?Ã‚Â¤cherlichen Liebe.,Milan Kundera,"Fischer (Tb.), Frankfurt",1999
60977493,The God of Small Things,Arundhati Roy,Perennial,1998
312872682,The James Dean Affair: A Neil Gulliver &amp; Stevie Marriner Novel,Robert S. Levinson,St Martins Pr,1999
316602906,The Big Bad Wolf: A Novel,James Patterson,"Little, Brown",9993
316693006,Four Blind Mice,James Patterson,"Little, Brown",9992
345311396,Private Screening,Richard North Patterson,Ballantine Books,1994
345378490,Congo,Michael Crichton,Ballantine Books,1995
345404793,Protect and Defend,Richard North Patterson,Ballantine Books,9991
345433173,The Tall Pine Polka,Lorna Landvik,Ballantine Books,1999
375400117,Memoirs of a Geisha,Arthur Golden,Alfred A. Knopf,1997
375705856,Plainsong (Vintage Contemporaries),KENT HARUF,Vintage,1999
380717018,Body of Evidence (Kay Scarpetta Mysteries (Paperback)),Patricia D. Cornwell,Avon,1992
380718332,All That Remains (Kay Scarpetta Mysteries (Paperback)),Patricia D. Cornwell,Avon,1993
380754509,The Case of the Lost Look-Alike (An Avon Camelot Book),Carol J. Farley,Avon Books,1988
038076654X,Petals on the River,Kathleen E. Woodiwiss,Avon Trade,1997
380807866,The Elusive Flame,Kathleen E. Woodiwiss,Avon,1999
385316895,Legacy of Silence,Belva Plain,Bantam Dell Pub Group,1998
385497466,The Brethren,JOHN GRISHAM,Doubleday,1999
385508042,The King of Torts,John Grisham,Doubleday Books,9993
385509456,The Curious Incident of the Dog in the Night-Time : A Novel,MARK HADDON,Doubleday,9993
385511612,Bleachers,John Grisham,Doubleday,9993
385730586,Sisterhood of the Traveling Pants,ANN BRASHARES,Delacorte Books for Young Readers,9993
425164403,Only Love (Magical Love),Erich Segal,Berkley Publishing Group,1998
440234964,All or Nothing (Wheeler Large Print Books),Elizabeth Adler,Island,1999
446605484,Roses Are Red (Alex Cross Novels),James Patterson,Warner Vision,9991
446610399,The Rescue,Nicholas Sparks,Warner Books,9991
449006522,Manhattan Hunt Club,JOHN SAUL,Ballantine Books,9992
449911004,Patty Jane's House of Curl (Ballantine Reader's Circle),LORNA LANDVIK,Ballantine Books,1996
451162072,Pet Sematary,Stephen King,Signet Book,1994
451186648,Silent Snow,Steve Thayer,Signet Book,1999
452282152,Girl with a Pearl Earring,Tracy Chevalier,Plume Books,9991
051513290X,Summer of Storms,Judith Kelman,Jove Books,9992
553580388,The Patient,Michael Palmer,Bantam Books,9991
590598848,"Demona's Revenge (Gargoyles, No. 2)",Francine Hughes,Scholastic,1995
590629719,Clifford's Sports Day,Norman Bridwell,Scholastic,1996
671023616,Postmortem (Kay Scarpetta Mysteries (Paperback)),Patricia Cornwell,Pocket,1998
671027387,Deception Point,Dan Brown,Pocket,9992
684848783,Tis : A Memoir,Frank McCourt,Scribner,1999
743486226,Angels &amp; Demons,Dan Brown,Atria,9993
786863986,A Monk Swimming,Malachy McCourt,Hyperion,1998
803251718,Crazy Horse,Mari Sandoz,University of Nebraska Press,1961
804117934,The Silent Cry (William Monk Novels (Paperback)),Anne Perry,Ivy Books,1998
140003180X,The Kalahari Typing School for Men (No. 1 Ladies' Detective Agency),ALEXANDER MCCALL SMITH,Anchor,9994
155874262X,Chicken Soup for the Soul (Chicken Soup for the Soul),Jack Canfield,Health Communications,1993
60987103,Wicked: The Life and Times of the Wicked Witch of the West,Gregory Maguire,Regan Books,1996
151008116,Life of Pi,Yann Martel,Harcourt,9992
375704965,A Judgement in Stone,Ruth Rendell,Vintage Books USA,1999
525947647,Lies and the Lying Liars Who Tell Them: A Fair and Balanced Look at the Right,Al Franken,Dutton Books,9993
804111359,Secret History,DONNA TARTT,Ballantine Books,1993
1558744150,Chicken Soup for the Woman's Soul (Chicken Soup for the Soul Series (Paper)),Jack Canfield,Health Communications,1996
435272683,Great Expectations (Heinemann Guided Readers),John Milne,Delta Systems,1995
316782505,The Weight of Water,Anita Shreve,"Little, Brown",9991
006102063X,Moving Pictures (Discworld Novels (Paperback)),Terry Pratchett,HarperTorch,9992
60013117,Night Watch,Terry Pratchett,HarperCollins,9992
60199563,Thief of Time,Terry Pratchett,HarperCollins Publishers,9991
006052779X,Charlotte's Web Book and Charm (Charming Classics),E. B. White,HarperFestival,9993
60563079,Peter Pan: The Original Story (Peter Pan),J. M. Barrie,HarperFestival,9993
60809027,My Friend Flicka,Mary O'Hara,Perennial,1988
61040967,The Last Hero : A Discworld Fable (Discworld Novels (Hardcover)),Terry Pratchett,HarperCollins,9991
61050474,Jingo: A Discworld Novel (Discworld Series/Terry Pratchett),Terry Pratchett,HarperPrism,1998
61052515,"Maskerade: A Novel of Discworld (Pratchett, Terry. Discworld Series (New York, N.Y.).)",Terry Pratchett,HarperPrism,1997
61052523,Interesting Times: A Novel of Discworld,Terry Pratchett,Harpercollins,1997
64472264,"On the Bright Side, I'm Now the Girlfriend of a Sex God: Further Confessions of Georgia Nicolson",Louise Rennison,HarperTempest,9992
140620664,Mansfield Park (Penguin Popular Classics),Jane Austen,Penguin Books Ltd,1994
312148267,The Wind in the Willows,Kenneth Grahame,St. Martin's Press,1996
312156960,The Winter King: A Novel of Arthur (The Warlord Chronicles: I),Bernard Cornwell,St. Martin's Griffin,1997
312890044,Moonheart (Newford),Charles de Lint,Orb Books,1994
034543191X,The King of Elfland's Daughter (Del Rey Impact),Edward John Moreton Drax Plunkett Dunsany,Del Rey Books,1999
373836023,Powder and Patch,Georgette Heyer,Harlequin,9994
375751513,The Picture of Dorian Gray (Modern Library (Paperback)),OSCAR WILDE,Modern Library,1998
375801677,The Iron Giant,Ted Hughes,Knopf Books for Young Readers,1999
375814248,James and the Giant Peach,ROALD DAHL,Knopf Books for Young Readers,9992
375823352,"The Amber Spyglass (His Dark Materials, Book 3)",PHILIP PULLMAN,Knopf Books for Young Readers,9992
037582345X,"The Golden Compass (His Dark Materials, Book 1)",PHILIP PULLMAN,Knopf Books for Young Readers,9992
375823468,"The Subtle Knife (His Dark Materials, Book 2)",PHILIP PULLMAN,Knopf Books for Young Readers,9992
380730448,"The Adrian Mole Diaries : The Secret Diary of Adrian Mole, Aged 13 3/4 : The Growing Pains of Adrian Mole",Sue Townsend,Perennial,1997
380973839,Martian Chronicles,Ray Bradbury,William Morrow,1997
385327773,The Great God Pan,Donna Jo Napoli,Wendy Lamb Books,9993
394586239,Possession: A Romance,A. S. Byatt,Random House Inc,1999
439510112,Born Confused,Tanuja Desai Hidier,Push,9993
440241413,Confessions of a Shopaholic,SOPHIE KINSELLA,Dell,9993
451409256,Making Minty Malone,Isabel Wolff,Onyx Books,1999
451523415,Little Women (Signet Classic),Louisa May Alcott,Signet Classics,1988
451526279,Emma (Signet Classics (Paperback)),Jane Austen,Signet Classics,1996
451526341,Animal Farm,George Orwell,Signet,9994
486415864,Great Expectations (Dover Thrift Editions),Charles Dickens,Dover Publications,9991
553280589,Eva Luna,Isabel Allende,Bantam Books,1989
571197639,Poisonwood Bible Edition Uk,Barbara Kingsolver,Faber Faber Inc,1999
670035262,The Green Man : Tales from the Mythic Forest,Ellen Datlow,Viking Juvenile,9992
679423079,Nicholas Nickleby (Everyman's Library),Charles Dickens,Alfred A. Knopf,1993
679751343,Angels &amp; Insects : Two Novellas,A.S. BYATT,Vintage,1994
684833395,Catch 22,Joseph Heller,Simon &amp; Schuster,1996
743245024,The Forsyte Saga : The Man of Property and In Chancery,John Galsworthy,Touchstone,9992
749748001,The Enchanted Wood,Enid Blyton,Egmont Childrens Books,9992
749748028,The Folk of the Faraway Tree,Enid Blyton,Egmont Childrens Books,9992
963094424,Angels and Visitations: A Miscellany,Neil Gaiman,Dreamhaven Books,1993
1401201172,"League of Extraordinary Gentlemen, Vol. 2 (Comic)",Alan Moore,DC Comics,9993
1563892278,"Preludes and Nocturnes (Sandman, Book 1)",Neil Gaiman,DC Comics,1998
1563898586,"The League of Extraordinary Gentlemen, Vol. 1",Alan Moore,DC Comics,9992
156971620X,Harlequin Valentine,Neil Gaiman,Dark Horse Comics,9992
1592571301,Alpha Teach Yourself American Sign Language in 24 Hours (Alpha Teach Yourself in 24 Hours),Trudy Suggs,Alpha Books,9993
374270325,A Man in Full,Tom Wolfe,Farrar Straus &amp; Giroux,1998
375719180,The Miracle Life of Edgar Mint: A Novel,Brady Udall,Vintage Books USA,9992
440235502,October Sky: A Memoir,Homer Hickam,Dell,1999
044023722X,A Painted House,John Grisham,Dell Publishing Company,9991
1573225487,The Romance Reader,Pearl Abraham,Riverhead Books,1996
1853260673,Far from the Madding Crowd (Wordsworth Classics),Thomas Hardy,NTC/Contemporary Publishing Company,1997
60977477,The Perfect Storm : A True Story of Men Against the Sea,Sebastian Junger,Perennial,1999
345391691,The Battle for God,Karen Armstrong,Ballantine Books,9991
520011171,Sappho: A New Translation,Mary Barnard,University of California Press,1958
553278746,The Postman (Bantam Classics),David Brin,Spectra Books,1999
670856045,The Tortilla Curtain,T. Coraghessan Boyle,Viking Books,1995
872200760,Symposium,Paul Woodruff,Hackett Pub Co Inc,1989
937858994,The What's Happening to My Body? Book for Boys: A Growing Up Guide for Parents and Sons,Lynda Madaras,W W Norton &amp; Co,1987
671649949,OBJECT AFFECTION,Stephen McCauley,Washington Square Press,1988
590431110,The Journey Home,Isabelle Holland,Scholastic Paperbacks (Mm),1993
64470113,Taking the Ferry Home,Pam Conrad,Harpercollins Juvenile Books,1999
553571486,Angel of Hope (Mercy Trilogy),Lurlene McDaniel,Starfire,1999
972044205,The Breach,Brian Kaufman,Last Knight Pub Co,9992
312963009,Neanderthal: A Novel,John Darnton,St. Martin's Press,1997
345430476,A Small Dark Place,Martin Schenk,Ballantine Books,1999
345435869,The Rivan Codex : Ancient Texts of THE BELGARIAD and THE MALLOREON,DAVID EDDINGS,Del Rey,1999
380728729,Babyhood,Paul Reiser,Avon,1998
038081840X,Year's Best Fantasy (Year's Best Fantasy),David G. Hartwell,Eos,9991
449912302,Dave Barry in Cyberspace,Dave Barry,Ballantine Books,1997
055329198X,Wolf Moon,John R. Holt,Bantam,1997
671018930,The War in Heaven (Eternal Warriors),Theodore Beale,Pocket,1999
812541642,Waiting,Frank M. Robinson,Tor Books,1999
312988699,Nowhere To Run,Mary Jane Clark,St. Martin's Paperbacks,9994
486282112,Frankenstein (Dover Thrift Editions),Mary Wollstonecraft Shelley,Dover Publications,1994
8483007010,El gust amarg de la cervesa (CollecciÃƒÂ³ ClÃƒÂ ssica),Isabel-Clara SimÃƒÂ³,Columna,1999
670815373,Urn Burial,Robert Westall,Viking Children's Books,1987
385313748,All Our Yesterdays (Large Print),Robert B. Parker,Delacorte Press,1994
1575843366,What Shall I Be (Barbie Carryalong),Rita Chapman Works,Reader's Digest,1999
684193957,ALL THAT REMAINS,Patricia Cornwell,Scribner,1992
345371984,Last Chance to See,Douglas Adams,Ballantine Books,1992
380730138,Vinegar Hill (Oprah's Book Club (Paperback)),A. Manette Ansay,Perennial,1998
1573228737,Affinity,Sarah Waters,Riverhead Books,9992
9681500555,Diario de Ana Frank,Anne Frank,"Editores Mexicanos Unidos, S.A.",1999
380711109,Desert Notes/River Notes,Barry Lopez,Quill (HarperCollins),1999
452283914,"The Best Democracy Money Can Buy: The Truth About Corporate Cons, Globalization and High-Finance Fraudsters",Greg Palast,Plume Books,9993
425120279,The Hunt for Red October,Tom Clancy,Berkley Publishing Group,1999
067153484X,The Music Box,Andrea Kane,Pocket,1998
380728273,Liberty Falling (Anna Pigeon Mysteries (Paperback)),Nevada Barr,Avon,1999
8433914545,El Palacio de La Luna,Paul Auster,Anagrama,1996
8484509141,Mientras Escribo,Stephen King,Distribooks,9992
446606197,Killer Market (Deborah Knott Mysteries (Paperback)),Margaret Maron,Warner Books,1999
771076002,Remembering Peter Gzowski : A Book of Tributes,EDNA BARKER,Douglas Gibson Books,9992
771088191,The Best Canadian Animal Stories: Classic Tales by Master Storytellers,Muriel Whitaker,McClelland &amp; Stewart,1997
1559703237,Trying to Save Piggy Sneed,John Irving,Arcade Publishing,1996
3596214629,"Herr Der Fliegen (Fiction, Poetry and Drama)",Golding,Fischer Taschenbuch Verlag GmbH,1999
62770500,Seattle Access,HarperReference,Access Press (HarperCollins),1993
671847546,REAL GUIDE: CALIFORNIA AND THE WEST COAST (The Real guides),LTD,John Wiley &amp; Sons Inc,1993
60188731,Bel Canto,Ann Patchett,HarperCollins Publishers,9991
140374248,James and the Giant Peach,Roald Dahl,Penguin USA (Paper),1999
142001740,The Secret Life of Bees,Sue Monk Kidd,Penguin Books,9993
195086295,What a Wonderful World: A Lifetime of Recordings,Bob Thiele,Oxford University Press,1995
312995423,Digital Fortress : A Thriller,Dan Brown,St. Martin's Press,9993
380704587,The Ladies of Missalonghi,Colleen McCullough,Avon,1988
380815923,Blackberry Wine : A Novel,Joanne Harris,Perennial,9991
385416342,The Firm,John Grisham,Doubleday Books,1991
385418493,How the Irish Saved Civilization: The Untold Story of Ireland's Heroic Role from the Fall of Rome to the Rise of Medieval Europe (Hinges of History),Thomas Cahill,Anchor,1996
038542471X,The Client,John Grisham,Doubleday Books,1993
425098109,Thieves of Light (Photon : the Ultimate Game on Planet Earth),Michael Hudson,Berkley Publishing Group,1987
449005410,Horse Heaven (Ballantine Reader's Circle),Jane Smiley,Ballantine Books,9991
449202631,Danger,Dick Francis,Fawcett Books,1985
449207544,Proof,Dick Francis,Fawcett Books,1999
515128554,Heart of the Sea (Irish Trilogy),Nora Roberts,Jove Books,1999
517577402,Mostly Harmless,Douglas Adams,Random House Inc,1992
590450875,I Spy: A Book of Picture Riddles,Jean Marzollo,Scholastic,1992
590481371,I Spy Spooky Night: A Book of Picture Riddles (I Spy Books),Walter Wick,Scholastic,1996
067103619X,Lake News,Barbara Delinsky,Pocket,1999
684177730,The SKULL BENEATH THE SKIN,P. D. James,Scribner,1982
684180200,NEW SHOE,Arthur William Upfield,Scribner Paper Fiction,1983
743411269,An Accidental Woman,Barbara Delinsky,Pocket Books,9993
743470389,The Snow Garden,Christopher Rice,Pocket Star,9994
076218857X,The Doorbell Rang (The Best Mysteries of All Time),Rex Stout,Readers Digest Assn,1999
767905938,A Year by the Sea: Thoughts of an Unfinished Woman,Joan Anderson,Broadway Books,1999
800706544,Though I walk through the valley,Vance Havner,F. H. Revell,1974
801096677,Victorious Christians You Should Know,Warren W. Wiersbe,Baker Book House,1984
849953014,Life Lessons: Book Of Hebrews,Max Lucado,W Publishing Group,1997
891091963,Inside out,Lawrence J Crabb,NavPress,1988
915811537,Son Rise: The Miracle Continues,Barry Neil Kaufman,Pub Group West,1994
927545373,Unveiled at Last,Bob Sjogren,YWAM Publishing,1988
1575024179,The Day I Almost Quit,Frederick J. Moody,F.J. Moody,1997
1880185008,"Serving As Senders: How to Care for Your Missionaries While They Are Preparing to Go, While They Are on the Field, When They Return Home",Neal Pirolo,Emmaus Road Intl,1991
140345809,House of Stairs,William Sleator,Puffin Books,1991
156528207,The Little Prince,Antoine de Saint-ExupÃƒÂ©ry,Harcourt,1968
380012863,Jonathan Livingston Seagull,Richard Bach,Avon,1976
451154916,The Crystal Handbook,Kevin Sullivan,Signet Book,1996
785815147,Simple Wicca (Simple Wisdom Book),Michele Morgan,Castle Books,9992
875421288,"The Complete Book of Incense, Oils &amp; Brews (Llewellyn's Practical Magick)","Scott, Cunningham",Llewellyn Publications,1989
1567184294,"The Western Mysteries: An Encyclopedic Guide to the Sacred Languages &amp; Magickal Systems of the World : The Key of It All, Book II (Key of It All)",David Allen Hulse,Llewellyn Publications,1999
156718796X,Astral Travel for Beginners (For Beginners),Richard Webster,Llewellyn Publications,1998
1862047626,New Perspectives: Runes,Bernard King,Harper Collins - UK,1999
20437501,Rosie'S Walk,Pat Hutchins,Aladdin,1971
198320264,Julius Caesar (Oxford School Shakespeare),William Shakespeare,Oxford University Press,9991
373196989,"Santa Brought A Son : Marrying The Boss's Daughter (Silhouette Romance, 1698)",Melissa McClone,Silhouette,9993
373245580,"Marry Me ... Again   Montana Mavericks (Silhouette Special Edition, 1558)",Cheryl St. John,Silhouette,9993
451527747,Alice's Adventures in Wonderland and Through the Looking Glass,Lewis Carroll,Signet Classics,1999
671867113,Moonlight Becomes You,Mary Higgins Clark,Pocket,1997
812504208,The Adventures of Tom Sawyer,Mark Twain,Tor Books,1989
60173289,Divine Secrets of the Ya-Ya Sisterhood : A Novel,Rebecca Wells,HarperCollins,1996
60973897,Lakota Woman,Dog Mary Crow,Perennial,1991
006101351X,The Perfect Storm : A True Story of Men Against the Sea,Sebastian Junger,HarperTorch,1998
140104682,"Heroes of Their Own Lives: The Politics and History of Family Violence, Boston 1880-1960",Linda Gordon,Penguin USA,1989
312143370,The Florence King Reader,Florence King,St. Martin's Press,1996
316666343,The Lovely Bones: A Novel,Alice Sebold,"Little, Brown",9992
039456894X,Impossible Vacation,Spalding Gray,Random House Inc,1992
440224675,Hannibal,Thomas Harris,Dell Publishing Company,1999
449002632,London : The Novel,EDWARD RUTHERFURD,Fawcett,1998
449213773,Life Before Man,Margaret Atwood,Fawcett Books,1999
452279690,Cavedweller,Dorothy Allison,Plume Books,1999
553569058,The Robber Bride,Margaret Atwood,Bantam,1995
679427430,Wouldn't Take Nothing for My Journey Now,MAYA ANGELOU,Random House,1993
679725393,The House of Mirth (Library of America),Edith Wharton,Vintage Books USA,1999
802114369,Ohitika Woman,Mary Brave Bird,Pub Group West,1993
803233019,Black Elk Speaks: Being the Life Story of a Holy Man of the Oglala Sioux,John G. Neihardt,University of Nebraska Press,1988
819154946,The Community in America,Roland Warren,University Press of America,1987
897322339,"The Best in Tent Camping: Smoky Mountains : A Guide for Campers Who Hate Rvs, Concrete Slabs, and Loud Portable Stereos (Best in Tent Camping Colorado)",Johnny Molloy,Globe Pequot Pr,1997
940322978,Mawrdew Czgowchwz (New York Review Books Classics),James McCourt,New York Review of Books,9992
1573225126,Prozac Nation: Young and Depressed in America : A Memoir,Elizabeth Wurtzel,Riverhead Books,1997
1579651658,The Journey From Here,Bill Bradley,Artisan Publishers,1999
1878424319,The Four Agreements: A Practical Guide to Personal Freedom,Don Miguel Ruiz,Amber-Allen Publishing,1997
8401351421,El desarrollo de Leonardo da Vinci (BiografÃƒÂ­as y memorias),Luis Racionero,Plaza &amp; JanÃƒÂ©s,1986
8423324311,Gastronomia divina (L'ÃƒÂ¡ncora),Eugeni Perea SimÃƒÂ³n,Destino,1994
8427007450,Desaparecido: LA Autentica Historia De LA Ejecucion De Charles Horman,Thomas Hauser,Lectorum Pubns (J),1982
8429734996,Hotel Europa (El BalancÃƒÂ­),VicenÃƒÂ§ Villatoro,Edicions 62,1992
8429736131,La dona dels ulls de pluja: Barcelona anys 90 (El BalancÃƒÂ­),VÃƒÂ­ctor Mora,Edicions 62,1993
8440616252,El paraÃƒÂ­so (Tiempos modernos),Elena Castedo,"Editiones B, Grupo Zeta",1991
8472224260,Negra i consentida (ColÃ‚Â¨lecciÃƒÂ³ El Mirall),OfÃƒÂ¨lia Dracs,Laia,1983
8472227421,Essa efa (ColÃ‚Â¨lecciÃƒÂ³ El Mirall i el temps),OfÃƒÂ¨lia Dracs,Editorial Laia,1985
8474103347,Espurnes de sang (La Negra),Antoni Serra,Edicions de la Magrana,1987
8475960936,Les llengÃƒÂ¼es d'Africa (Biblioteca universal EmpÃƒÂºries),M. Carme Junyent,Editorial EmpÃƒÂºries,1986
8477830029,TrÃƒÂ nsit (Area contemporÃƒÂ nia),Jaume CapÃƒÂ³,Area,1987
8478091246,L'home del sac,MÃƒÂ rius Serra,Columna,1999
8478097732,GrÃƒÂ cies per la propina (Columna),Ferran Torrent,Columna,1995
8478098267,El dia que es va cremar el Liceu (La primera Columna),Joan Agut,Columna,1995
8478800336,CÃƒÂ³mo ser una mujer y no morir en el intento (ColecciÃƒÂ³n El Papagayo),Carmen Rico-Godoy,Ediciones Temas de Hoy,1999
8478884963,Una casa en Irlanda,Maeve Binchy,Salamandra,1999
8483002523,La mirada del tafur (ColÃ‚Â¨lecciÃƒÂ³ clÃƒÂ ssica),Ferran Torrent,Columna,1997
8486433193,Amorrada al pilÃƒÂ³ (Columna),Maria JaÃƒÂ©n,Columna,1986
600586898,Blur (Melody Maker),Paul Lester,Hal Leonard Corp,1995
1853260622,War and Peace (Wordsworth Classics),Leo Tolstoy,NTC/Contemporary Publishing Company,1997
1857938011,A-Z of Behaving Badly,Simon Nye,Trafalgar Square,1996
60804157,He Understanding Masculine Psychology,Robert A Johnson,Harpercollins Publisher,1977
8466601090,Las DOS Muertes De Gardel (Ficcionario),Horacio Vazquez-Rial,Ediciones B,9992
140382658,You Can Surf the Net: Your Guide to the World of the Internet,Marc Gascoigne,Puffin Books,1996
152012966,I Want to Be...a Veterinarian (I Want to Be... Series),Stephanie Maze,Harcourt,1997
312283784,Alice's Tulips,Sandra Dallas,St. Martin's Griffin,9991
345297709,Centaur Aisle,Piers Anthony,Ballantine Books,1982
345313097,Crewel Lye,Piers Anthony,Ballantine Books,1985
345335465,Dragonflight (Dragonriders of Pern Trilogy (Paperback)),Anne McCaffrey,Del Rey Books,1991
345416848,Last Sword of Power (Stones of Power),David Gemmell,Del Rey Books,1997
385333404,Dating Big Bird,Laura Zigman,Dial Books,1999
044021145X,The Firm,John Grisham,Bantam Dell Publishing Group,1992
449212084,Murder at the Kennedy Center (Capital Crime Mysteries),Margaret Truman,Fawcett Books,1999
553582682,"Guinness World Records 2000 (Guinness Book of Records, 2000)",Nic Kynaston,Bantam Books,1999
590947257,Forever Amber Brown (Amber Brown (Paperback)),Paula Danziger,Jump at the Sun,1997
074345829X,Philip Jose Farmer's The Dungeon,Richard A. Lupoff,I Books,9993
786913878,Pool of Radiance: The Ruins of Myth Drannor (Forgotten Realms),Carrie Bebris,Wizards of the Coast,9991
801491827,"Feminism and Suffrage: The Emergence of an Independent Women's Movement in America, 1848-1869",Ellen Carol Dubois,Cornell University Press,1999
816729913,Why Are Boys So Weird (Tales from Third Grade),Candice F. Ransom,Troll Communications Llc,1993
843136685,Sheldon &amp; Mrs. Levine: An Excruciating Correspondence,Sam Bobrick,Price Stern Sloan,1994
866119531,Black Beauty (Great Illustrated Classics (Playmore)),Anna Sewell,Playmore Inc. Publishers,1999
866119566,Oliver Twist (Great Illustrated Classics),Charles Dickens,Playmore Inc. Publishers,1989
870441663,The wild ponies of Assateague Island (Books for young explorers),Donna K Grosvenor,National Geographic Society,1975
1561561428,Frankenstein (Illustrated Classics Series),Mary Wollstonecraft Shelley,Kidsbooks.Com,1992
553210092,The Scarlet Letter,NATHANIEL HAWTHORNE,Bantam,1965
553258524,Dragonsong (Harper Hall Trilogy),Anne McCaffrey,Bantam,1977
688163726,The Watch House,Robert Westall,HarperTrophy,1998
1569471096,Was It Something I Said?,Valerie Block,Soho Press,1998
055358099X,Cloud Nine,Luanne Rice,Bantam Books,1999
316168815,The Lovely Bones,Alice Sebold,Back Bay Books,9994
014023828X,The Tortilla Curtain,T. Coraghessan Boyle,Penguin Books,1996
316314927,Sarah Conley,Ellen Gilchrist,Back Bay Books,1998
345424719,A Widow for One Year,JOHN IRVING,Ballantine Books,1999
375414746,The Clearing,TIM GAUTREAUX,Knopf,9993
375726403,Empire Falls,Richard Russo,Vintage Books USA,9992
385503857,Oryx and Crake,Margaret Atwood,Nan A. Talese,9993
425156842,Sophie's World: A Novel About the History of Philosophy (Berkeley Signature Edition),Jostein Gaarder,Berkley Publishing Group,1997
440226104,Black and Blue,ANNA QUINDLEN,Dell,1999
452277337,Le Divorce (William Abrahams Book),Diane Johnson,Plume Books,1997
553802488,The Face,DEAN KOONTZ,Bantam,9993
671021001,She's Come Undone (Oprah's Book Club),Wally Lamb,Pocket,1998
767903579,Falling Leaves: The True Story of an Unwanted Chinese Daughter,Adeline Yen Mah,Broadway Books,1999
805063897,Nickel and Dimed: On (Not) Getting By in America,Barbara Ehrenreich,Owl Books,9992
679777431,"The Game of Kings (Lymond Chronicles, 1)",DOROTHY DUNNETT,Vintage,1997
553285343,"RUSSIA HOUSE, THE",JOHN LE CARRE,Bantam,1999
486285529,Solv-A-Crime Puzzles (Dover Game and Puzzle Activity Books),A. C. Gordon,Dover Publications,1995
671002481,The First Wives Club Movie Tie In,Olivia Goldsmith,Pocket,1996
812523385,Selected Poems of Emily Dickinson,Emily Dickinson,Tor Books,1995
895774666,Watercolor School (Reader's Digest Learn-As-You-Go Guides),Hazel Harrison,Readers Digest,1993
20199090,Joshua In the Holy Land,Joseph Girzone,Simon Schuster Trade,1993
385495145,The Messenger,JOSEPH GIRZONE,Image,9992
679733825,Sisters of the Earth: Women's Prose and Poetry About Nature,Lorraine Anderson,Vintage Books USA,1991
842329129,Left Behind: A Novel of the Earth's Last Days (Left Behind No. 1),Tim Lahaye,Tyndale House Publishers,1996
345451260,Househusband,AD HUDLER,Ballantine Books,9992
740700235,Life Messages: Inspiration For The Woman's Spirit,Josephine Carlton,Andrews McMeel Publishing,9992
380973545,Letters from a Nut,Ted L. Nancy,William Morrow,1999
393321576,Karl Marx: A Life,Francis Wheen,W.W. Norton &amp; Company,9991
743424425,The Shining,Stephen King,Pocket,9991
786868015,The Diary of Ellen Rimbauer: My Life at Rose Red,Joyce Reardon,Hyperion,9991
446610178,The Sky Is Falling,Sidney Sheldon,Warner Books,9991
684854953,Santa Pete : A Novel Of Christmas Present And Past,Christopher Moore,Simon &amp; Schuster,1998
743229878,Mount Vernon Love Story : A Novel of George and Martha Washington,Mary Higgins Clark,Simon &amp; Schuster,9992
380617625,The Kingdom: Arabia and the House of Sa'Ud,Robert Lacey,Harper Mass Market Paperbacks (Mm),1983
380732335,Florida Road Kill: A Novel,Tim Dorsey,HarperTorch,1999
385337132,The 37th Hour,JODI COMPTON,Delacorte Press,9993
440235057,Be Cool,Elmore Leonard,Dell Publishing Company,1999
445402040,The Hunted,Elmore Leonard,Warner Books (Mm),1986
618119760,The Saints of Big Harbour: A Novel,Lynn Coady,Houghton Mifflin Company,9992
871138646,Old Flames,John Lawton,Atlantic Monthly Press,9993
26329859,From the Earth: Chinese Vegetarian Cooking,Eileen Yin-Fei Lo,MacMillan Publishing Company.,1995
60621257,Living in the Presence: Disciplines for the Spiritual Heart,Tilden H. Edwards,Harpercollins,1988
60915544,The Bean Trees,Barbara Kingsolver,Perennial,1989
60917016,Homeland and Other Stories,Barbara Kingsolver,Perennial,1999
60925000,"A Suitable Boy : Novel, A",Vikram Seth,Perennial,1994
60932759,Daughter of Fortune,Isabel Allende,Perennial,1999
61000280,The Fly on the Wall,Tony Hillerman,HarperTorch,1999
192815318,Cranford (The World's Classics),Elizabeth Gaskell,Oxford University Press,1982
312195516,The Red Tent (Bestselling Backlist),Anita Diamant,Picador USA,1998
380792664,The Right Hand of Amon,Lauren Haney,Avon,1997
393048977,Last Blue: Poems,Gerald Stern,W.W. Norton &amp; Company,1999
399137807,The Cat Who Wasn't There,Lilian Jackson Braun,Putnam Pub Group,1992
039914739X,Isle of Dogs,Patricia Daniels Cornwell,Putnam Publishing Group,9991
451203046,Light a Penny Candle,Maeve Binchy,Signet Book,9991
451410556,The Blue Last: A Richard Jury Mystery (Richard Jury Mysteries (Paperback)),Martha Grimes,Onyx Books,9992
451523318,Turn of the Screw and Short N,Henry James,Signet Book,1978
486281965,The Country of the Pointed Firs (Dover Thrift Editions),Sarah Orne Jewett,Dover Publications,1994
486292940,Early Poems (Dover Thrift Editions),William Carlos Williams,Dover Publications,1997
051762639X,Barchester Towers (Oxford Pocket Classics),Anthony Trollope,Random House Value Publishing,1986
684824442,REEF,Edith Wharton,Scribner,1996
743458303,Wednesday the Rabbi Got Wet,Harry Kemelman,I Books,9993
081296666X,Things My Girlfriend and I Have Argued About: A Novel,Mil Millington,Villard Books,9993
819215635,Listening Hearts: Discerning Call in Community,Suzanne G. Farnham,Morehouse Group,1991
880011025,Unattainable Earth,Czeslaw Milosz,Ecco Press,1987
1561011525,"The Practice of Prayer (New Church's Teaching Series, Vol 4)",Margaret Guenther,Cowley Publications,1998
1877727083,Vertical Poetry: Recent Poems,Roberto Juarroz,White Pine Press (NY),1992
486206173,Rubinstein's Chess Masterpieces,Akiba Rubinstein,Dover Publications,1941
312278586,The Nanny Diaries: A Novel,Emma McLaughlin,St. Martin's Press,9992
8845229041,Biblioteca Universale Rizzoli: Sulla Sponda Del Fiume Piedra,P Coelho,Fabbri - RCS Libri,1999
887641486X,I Giorni Dell'abbandono,Elena Ferrante,Edizioni E/O,9992
140370900,The Gizmo,Paul Jennings,Puffin,1995
674511255,The Last Best Hope of Earth: Abraham Lincoln and the Promise of America,"Mark E., Jr. Neely",Harvard University Press,1993
30096189,Organic Chemistry (Saunders Golden Sunburst Series),Stephen J. Weininger,Saunders College Publishing,1994
312965745,Secrets of St. John's Wort: A Lynn Sonberg Book,Larry Katzenstein,St. Martin's Press,1998
345374657,Diet for a Poisoned Planet: How to Choose Safe Foods for You and Your Family,David Steinman,Ballantine Books,1992
395710901,"Punished by Rewards: The Trouble With Gold Stars, Incentive Plans, A'S, Praise, and Other Bribes",Alfie Kohn,Houghton Mifflin,1995
080521061X,Montessori Today: A Comprehensive Approach to Education from Birth to Adulthood,Paula Polk Lillard,Schocken Books,1996
823032612,Oil Painting Techniques (Artist's Painting Library),David Lewis,Watson-Guptill Publications,1983
679310002,Going down swinging,Billie Livingston,Random House Canada,1999
312288115,Confessions of a Sociopathic Social Climber : The Katya Livingston Chronicles (Katya Livingston Chronicles (Hardcover)),Adele Lang,Thomas Dunne Books,9992
316171107,Like a Hole in the Head,Jen Banbury,Little Brown &amp; Co,1998
380710218,Postmortem,Patricia Daniels Cornwell,Harper Mass Market Paperbacks (Mm),1993
515118656,The Cove,Catherine Coulter,Jove Books,1996
553289063,An Inconvenient Woman,Dominick Dunne,Bantam Books,1991
671000306,Shock Wave (Dirk Pitt Adventures (Paperback)),Clive Cussler,Pocket,1996
671673688,While My Pretty One Sleeps,Mary Higgins Clark,Pocket,1999
1561672033,Antipodes 10,John Pascal,Noble House,1995
425178242,Kick Ass: Selected Columns of Carl Hiaasen,Carl Hiaasen,Berkley Publishing Group,9991
618173870,Everything Is Illuminated: A Novel,Jonathan Safran Foer,Houghton Mifflin Company,9992
156027321,Life of Pi,Yann Martel,Harvest Books,9993
375403582,Rules of the Wild,Francesca Marciano,Random House Inc,1998
385721420,Three Junes,JULIA GLASS,Anchor,9993
451202341,Back Roads,Tawni O'Dell,Signet Book,9991
743418190,In Her Shoes : A Novel,Jennifer Weiner,Atria Books,9992
385335407,The Kiss,Danielle Steel,Delacorte Press,9991
965746828,Home Spun: A Collection,Leon Hale,Winedale Publishing,1997
60923245,Sweet Hereafter Movie Tie-In : A Novel,Russell Banks,Perennial,1992
486272664,The Rime of the Ancient Mariner and Other Poems,Samuel Taylor Coleridge,Dover Publications,1992
786015276,11th Hour,Bradley Warshauer,Pinnacle Books,9993
60913509,In Country RI,Bobbie Ann Mason,Perennial,1986
553272837,Brazen Virtue,Nora Roberts,Bantam Books,1996
440225078,Ghost Moon,Karen Robards,Dell Publishing Company,9991
312145543,Brewing Up a Storm: A John Thatcher Mystery,Emma Lathen,St Martins Pr,1996
425181111,Strangers,Dean R. Koontz,Berkley Publishing Group,9992
380732688,Milk and Honey (Peter Decker/Rina Lazarus Novels),Faye Kellerman,Avon,9992
140286276,The Deep End of the Ocean (Oprah's Book Club),Jacquelyn Mitchard,Penguin Books,1999
373484100,Night Tales,Nora Roberts,Silhouette,1999
449907481,A Thousand Acres (Ballantine Reader's Circle),JANE SMILEY,Ballantine Books,1992
553107305,Chopping Spree,DIANE MOTT DAVIDSON,Bantam,9992
080213825X,Four Blondes,Candace Bushnell,Grove Press,9991
515127833,River's End,Nora Roberts,Jove Books,9993
345441133,Summer Island,KRISTIN HANNAH,Ballantine Books,9992
515134279,The Straw Men,Michael Marshall,Jove Books,9992
945586051,The Doctor the Patient: The Personal Journey of a Physician With Cancer,Allen Widome,Editech Pr,1989
385490992,The Street Lawyer,John Grisham,Doubleday Books,1998
385424728,The Chamber,John Grisham,Doubleday Books,1994
312980388,Warlock : A Novel of Ancient Egypt,Wilbur Smith,St. Martin's Paperbacks,9992
590419625,The Teacher from the Black Lagoon,Mike Thaler,Scholastic,1989
385472951,The Partner,John Grisham,Doubleday Books,1997
451195663,Primal Scream,Michael Slade,Signet Book,1998
425182878,Chosen Prey,John Sandford,Berkley Publishing Group,9994
553564528,Guilty as Sin,TAMI HOAG,Bantam,1997
055356451X,Night Sins,TAMI HOAG,Bantam,1995
743412621,The Second Time Around : A Novel,Mary Higgins Clark,Pocket,9994
849943728,Three,Ted Dekker,WestBow Press,9993
849943450,The Canopy,Angela Elwell Hunt,WestBow Press,9993
084994371X,Blink,Ted Dekker,WestBow Press,9993
590406019,Last Battle,C. S. Lewis,Scholastic Paperbacks (Mm),1988
20442408,Prince Caspian,C. S. Lewis,MacMillan Publishing Company.,1999
553225987,Robert's Rules of Order,William Eisner,Bantam Books,1986
042517736X,Abduction,Robin Cook,Berkley Publishing Group,1999
671868713,And Never Let Her Go : Thomas Capano: The Deadly Seducer,Ann Rule,Pocket,1999
038549825X,Not a Day Goes By : A Novel,E. LYNN HARRIS,Anchor,9991
553202294,Sun Signs,Linda Goodman,Bantam Doubleday Dell,1981
345313860,"The Vampire Lestat (Vampire Chronicles, Book II)",ANNE RICE,Ballantine Books,1986
345369947,The Mummy or Ramses the Damned,Anne Rice,Ballantine Books,1991
067170124X,HIS LITTLE WOMEN : HIS LITTLE WOMEN,Judith Rossner,Pocket,1991
345353625,Her Mother's Daughter,Marilyn French,Ballantine Books,1999
308102282,Your Erroneous Zones,Wayne W. Dyer,Harpercollins,1976
006017143X,The Night Listener,Armistead Maupin,HarperCollins Publishers,1999
805056491,Organizing from the Inside Out,Julie Morgenstern,Henry Holt &amp; Company,1998
679401377,The Hellfire Club,Peter Straub,Random House Inc,1996
1562827049,"The Diary of Jack the Ripper/the Discovery, the Investigation, the Debate",Jack,Hyperion Books,1993
385306032,Vanished,Danielle Steel,Delacorte Press,1993
816152446,The Women in His Life (G K Hall Large Print Book Series),Barbara Taylor Bradford,Thorndike Pr,1991
821772953,The Morning After,Lisa Jackson,Zebra Books,9994
345379454,Missing Susan,SHARYN MCCRUMB,Ballantine Books,1992
553576925,Hiding in the Shadows (Shadows Trilogy (Paperback)),Kay Hooper,Bantam Books,1999
743206053,Kitchen Privileges : A Memoir,Mary Higgins Clark,Simon &amp; Schuster,9992
688169678,We Are Our Mothers' Daughters,Cokie Roberts,Perennial,1999
439319552,Horus's Horrible Day (First Graders from Mars),Shana Corey,Scholastic,9991
590870157,My Garden (Beginning Literacy),Jesse S. Ostrow,Scholastic,1994
307001164,101 Dalmatians,Justine Korman,Golden Books Publishing Company,1996
440441501,In the Dinosaur's Paw (Kids of the Polk Street School),PATRICIA REILLY GIFF,Yearling,1987
590687301,Ralph S. Mouse,Beverly Cleary,Scholastic,1999
439061644,"The First Journey (Animorphs. Alternamorphs, 1)",K. A. Applegate,Apple Signature (Scholastic),1999
439569842,How Do Dinosaurs Learn to Read,Jane Yolen,"Scholastic, Inc.",9993
307118703,My First Book about Space (Golden Look-Look Books (Paperback)),Dinah L. Moche,Golden Books,1997
590418858,You Be the Jury #02,Marvin Miller,Scholastic,1989
030720152X,Comic Characters,Craig Boldman,Golden Books,1983
816728739,The Time Machine (Troll Illustrated Classics),H. G. Wells,Troll Communications Llc,1992
865050880,I Like School (in My World Series),Bobbie Kalman,Crabtree Publishing Company,1985
812519655,Sacred Ground,Mercedes Lackey,Tor Books,1995
812524853,Burning Water (Burning Water),Mercedes Lackey,Tor Books,1992
449211770,The Tightrope Walker,Dorothy Gilman,Fawcett Books,1997
193072229X,MoveOn's 50 Ways to Love Your Country: How to Find Your Political Voice and Become a Catalyst for Change,Moveon,Inner Ocean Publishing,9994
812521129,Children of the Night,Mercedes Lackey,Tor Books,1999
345251733,Rainbow the Stormy Life of Judy Garland,Christopher Finch,Ballantine Books,1999
1400077826,Cold Mountain (MTI) (Vintage Contemporaries),CHARLES FRAZIER,Vintage,9993
312995431,A Fountain Filled With Blood (A Rev. Clare Ferguson Mystery),Julia Spencer-Fleming,St. Martin's Paperbacks,9994
312312628,Out of the Deep I Cry : A Clare Fergusson/Russ Van Alstyne Mystery,Julia Spencer-Fleming,St. Martin's Minotaur,9994
446394521,Daisy Fay and the Miracle Man,Fannie Flagg,Warner Books,1992
590021117,Little House On the Prairie,Laura Ingall Wilder,Scholastic Inc,1999
068484267X,Angela's Ashes: A Memoir,Frank McCourt,Scribner,1999
553578693,The Next Accident,LISA GARDNER,Bantam,9992
380709260,Socks (Cleary Reissue),Beverly Cleary,HarperTrophy,1999
807565288,"The Pet Shop Mystery (Boxcar Children Special (Paper), No 7)",Gertrude Chandler Warner,Albert Whitman &amp; Company,1996
312986769,In the Bleak Midwinter (A Rev. Clare Ferguson Mystery),Julia Spencer-Fleming,St. Martin's Minotaur,9993
345413377,"The Amber Spyglass (His Dark Materials, Book 3)",PHILIP PULLMAN,Del Rey,9991
345413369,"The Subtle Knife (His Dark Materials, Book 2)",PHILIP PULLMAN,Del Rey,1998
679893105,"The Golden Compass (His Dark Materials, Book 1)",PHILIP PULLMAN,Knopf Books for Young Readers,1998
61096091,Eyeshot,Lynn S. Hightower,Harper Mass Market Paperbacks (Mm),1997
345369068,"If Ever I Return, Pretty Peggy-O",Sharyn McCrumb,Fawcett Books,1991
451184718,The Rosewood Casket,Sharyn McCrumb,Signet Book,1997
449209121,The Amazing Mrs. Pollifax,Dorothy Gilman,Fawcett Books,1992
60938455,Fast Food Nation: The Dark Side of the All-American Meal,Eric Schlosser,Perennial,9992
080411952X,The Unsung Hero,Suzanne Brockmann,Ivy Books,1999
60575808,"Two Princesses of Bamarre, The",Gail Carson Levine,Eos,9994
60558865,Ella Enchanted (rack),Gail Carson Levine,Avon,9994
767912918,Passing for Thin : Losing Half My Weight and Finding My Self,FRANCES KUFFEL,Broadway,9994
553298860,Bloodlines (Dog Lover's Mysteries),Susan Conant,Bantam Books,1994
385335679,Kissing in Manhattan,DAVID SCHICKLER,Delta,9992
440122090,Echoes,Maeve Binchy,Dell,1989
671525832,Someone to Watch Over Me : A Novel,Judith McNaught,Pocket,9993
553279572,The Toynbee Convector,Ray Bradbury,Spectra Books,1989
61009059,One for the Money (Stephanie Plum Novels (Paperback)),Janet Evanovich,HarperTorch,1995
60930187,The Bell Jar : A Novel (Perennial Classics),Sylvia Plath,Perennial,1999
516076272,A polar bear called Pingo,Ilona Koidahl,Childrens Press,1974
679450432,Dark Lady,Richard North Patterson,Alfred A. Knopf,1999
821775863,The Future Scrolls,Fern Michaels,Zebra Books,9993
821770209,About Face,Fern Michaels,Zebra Books,9993
670855758,Tarot Says Beware (A Herculeah Jones Mystery),Betsy Byars,Viking Books,1995
553562819,Globalhead,Bruce Sterling,Spectra Books,1994
446364193,Along Came a Spider (Alex Cross Novels),James Patterson,Warner Books,1993
446519138,Simple Abundance:  A Daybook of Comfort and Joy,Sarah Ban Breathnach,Warner Books,1995
425179672,The River King,Alice Hoffman,Berkley Publishing Group,9991
61042943,Final Appeal,Lisa Scottoline,HarperTorch,1994
399144463,Who Moved My Cheese? An Amazing Way to Deal with Change in Your Work and in Your Life,Spencer Johnson,Putnam Pub Group (Paper),1998
965404560,Atonement,Ian McEwan,Nan A. Talese,9992
006015781X,Why Do Clocks Run Clockwise? and Other Imponderables: Mysteries of Everyday Life Explained,David Feldman,Harpercollins,1987
60930705,Someone to Watch Over Me : Stories,Richard Bausch,Perennial,1999
312206763,Stately Pursuits,Katie Fforde,Griffin Trade Paperback,1999
316116025,The Pinball Effect: How Renaissance Water Gardens Made the Carburetor Possible-And Other Journeys Through Knowledge (Pinball Effect),James Burke,Little Brown &amp; Co,1996
156013967,"My Father, Dancing (Harvest Book)",Bliss Broyard,Harvest Books,1999
385314019,Women on the Case,Sara Paretsky,Bantam Dell Pub Group,1996
743444167,New Cardiff,Charles Webb,Washington Square Press,9992
618231617,Almost: A Novel,Elizabeth Benedict,Mariner Books,9992
1567920047,A Tally of Types: With Additions by Several Hands ; And With a New Introduction by Mike Parker,Stanley Morison,David R. Godine Publisher,1999
811203220,Stand Still Like the Hummingbird,Henry Miller,New Directions Publishing Corporation,1962
1573229148,Crossing the Unknown Sea: Work As a Pilgrimage of Identity,David Whyte,Riverhead Books,9992
787955671,The Future of Leadership: Today's Top Leadership Thinkers Speak to Tomorrow's Leaders,Warren  Bennis,Jossey-Bass,9991
425174484,"Expecting Adam: A True Story of Birth, Rebirth, and Everyday Magic",Martha Beck,Berkley Publishing Group,1999
385496907,No Future Without Forgiveness,Desmond Mpilo Tutu,Image,1999
446523992,"A Call to Conscience : The Landmark Speeches of Dr. Martin Luther King, Jr.",Kris Shepard,Warner Books,9991
140185216,On the Road (Penguin 20th Century Classics),Jack Kerouac,Penguin USA (Paper),1998
684717255,I And Thou,Martin Buber,Free Press,1971
