User-ID,ISBN,Book-Rating
276725,034545104X,4
276726,155061224,5
276727,446520802,4
276729,052165615X,3
276729,521795028,6
276733,2080674722,4
276736,3257224281,8
276737,600570967,6
276744,038550120X,7
276745,342310538,14
276746,425115801,4
276746,449006522,4
276746,553561618,4
276746,055356451X,4
276746,786013990,4
276746,786014512,4
276747,60517794,9
276747,451192001,4
276747,609801279,4
276747,671537458,9
276747,679776818,8
276747,943066433,7
276747,1570231028,4
276747,1885408226,7
276748,747558167,6
276748,3442437407,4
276751,033390804X,4
276751,3596218098,8
276754,684867621,8
276755,451166892,5
276760,8440682697,14
276762,034544003X,4
276762,380000059,4
276762,380711524,5
276762,451167317,4
276762,451454952,4
276762,843920262,4
276762,3404122879,4
276762,3404182928,4
276762,3404611306,4
276762,342662429,4
276762,3426690179,4
276762,3442424216,4
276762,3442425573,4
276762,3453092007,8
276762,3453157745,4
276762,3453176944,4
276762,3453185137,4
276762,3453185323,4
276762,3453213025,3
276762,3453877241,4
276762,3492226604,4
276762,3517017442,4
276762,3596125006,4
276762,B0000BLD7X,4
276762,N3453124715,4
276765,9029716894,4
276768,9057868059,4
276772,140279091,4
276772,553572369,7
276772,571058086,4
276772,3499230933,14
276772,3596151465,14
276774,99543818,4
276774,3404147723,4
276774,3423111321,4
276774,3442136644,9
276774,3492232000,4
276780,8434811634,4
276780,8484330478,7
276780,8484332039,7
276786,2864322102,6
276786,8402065945,4
276786,8423314901,4
276786,842333533X,4
276786,8427911769,4
276786,8433914456,4
276786,8437606322,8
276786,8445072919,4
276786,8466300821,6
276786,847765011X,4
276786,8478442588,6
276786,8495368099,4
276788,345443683,8
276788,043935806X,7
276788,055310666X,14
276796,330332775,5
276796,330367358,4
276798,6379702,5
276798,3423084049,4
276798,3442131340,7
276798,3442437407,4
276798,3446202102,4
276798,3453073398,4
276798,3453115783,4
276798,3499134004,4
276798,349915398X,4
276798,3548603203,6
276798,3764501383,4
276798,3791535889,4
276800,61054143,4
276800,61054151,4
276800,61056774,4
276800,671021346,4
276800,671024108,4
276800,1562827898,7
276803,9726954835,4
276804,64405176,4
276804,439104769,4
276804,440498058,8
276806,8807817144,4
276806,8845915913,4
276808,395547032,14
276811,440414121,14
276812,8879839993,8
276813,8401328322,4
276813,8401461189,4
276813,8401471796,4
276813,8423996565,8
276813,8424130081,4
276813,8426449476,8
276813,8426449573,6
276813,8478884831,8
276813,8478885218,6
276813,8478885463,6
276813,8478886044,8
276813,8495618052,4
276814,91830893,8
276814,586207414,7
276814,812571029,9
276817,671749609,4
276820,140062718,4
276820,140260498,9
276822,60096195,14
276822,141310340,9
276822,142302198,14
276822,156006065,9
276822,375821813,9
276822,038076041X,14
276822,439087597,4
276822,439401399,6
276822,552546933,9
276822,689804458,8
276822,699854289,14
276822,786812508,9
276822,786817070,14
276822,805057706,14
276822,1551925060,8
276822,1573248533,14
276827,000651118X,7
276828,385272324,4
276828,2038701962,4
276828,2070264564,4
276828,2070334430,4
276828,2070403734,4
276828,2080680676,4
276828,2232122263,4
276828,2253044903,4
276828,2253150711,7
276828,2266076000,4
276828,2277221678,4
276828,2290321028,4
276828,2842190009,4
276830,440225825,9
276832,316781266,4
276832,345446860,5
276833,671876244,4
276835,3125785006,14
276837,380005239,5
276838,1593080255,4
276840,330201700,4
276840,385729340,4
276842,3809407536,7
276847,446364193,4
276847,3257200552,5
276847,3379015180,4
276847,3404145909,8
276847,3404148576,8
276847,3404921178,7
276847,3423071516,14
276847,3423204885,4
276847,3423205806,4
276847,3426029553,8
276847,3426622610,4
276847,3426671298,8
276847,344215121X,9
276847,3442413508,14
276847,3442422035,9
276847,3442435773,8
276847,3442437717,7
276847,3442441080,14
276847,3442442796,4
276847,3442444020,8
276847,3442446414,14
276847,3442448530,7
276847,3442449820,9
276847,3453137442,6
276847,3453870190,4
276847,3455077331,4
276847,347354034X,7
276847,3492231322,9
276847,349912176X,4
276847,3499222213,7
276847,3499228297,6
276847,3499232529,4
276847,3499233436,4
276847,3499264528,4
276847,3499433443,8
276847,3506464078,14
276847,3548602967,4
276847,3551551677,14
276847,3551551685,14
276847,3551551693,14
276847,3551551936,14
276847,359621078X,9
276847,3608932240,7
276847,360893541X,14
276847,3608935428,14
276847,3608935436,14
276847,374661922X,4
276847,3770131495,4
276847,3809024589,8
276847,3821815191,14
276847,3932069234,5
276848,3423100424,4
276848,3442096596,4
276848,3442440777,4
276848,3453009304,4
276848,3453042905,4
276848,3453061187,4
276848,3453071174,4
276848,3453127013,4
276848,3453211014,4
276848,3462026062,8
276848,349926028X,4
276848,3596122279,4
276848,3596287200,4
276848,3922524443,4
276850,449217264,7
276852,140621741,4
276852,055321358X,4
276853,8420457477,1
276853,8448034023,7
276854,671034944,5
276854,074931012X,5
276854,843946415,4
276856,2010173929,4
276856,20103389,4
276856,2012003494,4
276856,2013218826,4
276856,2013220162,4
276856,207033015X,4
276856,2070332985,4
276856,2203142278,4
276856,2205040561,4
276856,221096900X,4
276856,2253005274,4
276856,2723402983,4
276856,2747002748,4
276856,2800108584,4
276856,2800134259,4
276856,2800134267,4
276856,2800135522,4
276856,2800135565,4
276856,2800135719,4
276856,2800135727,4
276856,2803616998,4
276856,2907572458,4
276857,8439598459,6
276859,014014899X,4
276859,140252517,6
276859,140269967,4
276859,140328742,4
276859,140366830,4
276859,140367446,4
276859,425131378,4
276859,517642689,7
276859,600571165,4
276859,077104450X,8
276859,789706032,8
276859,836218833,14
276859,836220889,14
276859,088365721X,9
276859,1559712252,6
276859,1567616089,8
276859,2890510328,4
276859,3257227264,4
276861,141011904,9
276861,342313075X,4
276861,3423201509,14
276861,3423206616,8
276861,344242529,9
276861,3446200452,8
276861,349223903X,6
276861,3499231603,9
276861,360893541X,9
276861,3608935428,9
276861,3608935436,9
276861,3704320196,6
276861,3886807843,8
276862,345423402,4
276862,1569312435,9
276862,1892213141,8
276863,8530805461,14
276866,3257218516,3
276866,3404126343,8
276866,3404131606,4
276866,3404139178,9
276866,3404143299,7
276866,3404614542,4
276866,340645724X,3
276866,3426192543,5
276866,3426702266,4
276866,3442421357,4
276866,3442443806,4
276866,345309221X,8
276866,3453108361,7
276866,3453126912,4
276866,3453130901,5
276866,3453132262,4
276866,3596129389,4
276866,3596237874,4
276866,3596247500,4
276866,3809410357,5
276869,345249372,4
276869,044020562X,4
276870,9026935722,6
276872,425167097,8
276872,042518109X,8
276872,425188221,7
276872,8500010452,4
276872,8501023450,3
276872,8571648972,14
276872,8588615126,8
276872,8589885291,8
276873,009975181X,7
276875,273755,7
276875,14366020444,8
276875,688172377,4
276875,8481305464,4
276875,8496075850,8
276875,8804321008,4
276875,8804375299,4
276875,8804407808,6
276875,8804464895,7
276875,8804510579,4
276875,8804512652,4
276875,8806144146,4
276875,8806155873,4
276875,8807700735,4
276875,8807806746,4
276875,8807810751,7
276875,880781112X,6
276875,8807812495,4
276875,8807813157,4
276875,8807816059,4
276875,8817106100,6
276875,8817112917,8
276875,8817877028,4
276875,8820024381,4
276875,883041915X,4
276875,8831760122,4
276875,8833908488,4
276875,8838910987,8
276875,8842806978,4
276875,8845219747,4
276875,8845249689,4
276875,8846200624,8
276875,88741800047,8
276875,8876846565,7
276875,8877825200,2
276875,8879285513,6
276875,8879285645,6
276875,8879832905,4
276875,8881110288,4
276875,888634712X,4
276875,8887432252,8
276875,8888424121,8
276878,449210197,6
276879,8817151068,7
276884,151446474,4
276884,8433967606,4
276884,8496280012,7
276884,899792145,4
276884,B158991965,6
276887,64430227,5
276887,671723650,4
276887,812533550,9
276888,8806162160,6
276888,884590184X,4
276889,446613843,4
276890,140270272,4
276896,440241537,14
276904,99460343,4
276904,375901582,14
276904,439317746,5
276904,440228840,14
276904,440414121,14
276904,738205737,5
276904,1566911605,4
276905,60542845,8
276905,449148831,5
276905,1551666308,4
276911,8420430943,8
276911,8420636282,9
276911,8432205311,9
276912,000225669X,6
276912,99549611,6
276912,701162767,4
276912,1852422580,4
276915,042513976X,7
276916,441008291,8
276925,6511929,4
276925,002542730X,14
276925,60520507,4
276925,60930934,4
276925,60951303,4
276925,99414732,7
276925,140154078,6
276925,140327592,4
276925,140367616,4
276925,141181222,4
276925,151010633,4
276925,192834312,4
276925,194216748,5
276925,240514866,4
276925,316666343,4
276925,345391810,4
276925,375400699,4
276925,385504209,8
276925,043527242X,4
276925,439284031,4
276925,439286182,4
276925,439286239,4
276925,449221148,4
276925,451527747,4
276925,486282112,4
276925,486424499,4
276925,553275283,8
276925,582530431,9
276925,590502123,4
276925,595132189,4
276925,613329740,4
276925,063403541X,6
276925,067172939X,4
276925,671729438,4
276925,671746502,4
276925,679721851,4
276925,679745580,4
276925,691000980,4
276925,747545111,4
276925,749931434,4
276925,754000117,4
276925,804106304,4
276925,812583566,4
276925,843128240,4
276925,879517344,4
276925,971880107,4
276925,1400001625,4
276925,1400002672,8
276925,1853262404,4
276925,2061007074,4
276925,2266095536,4
276925,2290309494,4
276925,2742739351,4
276925,3522149904,4
276925,3775713328,4
276925,8401009421,4
276925,8401327199,4
276925,8401462231,4
276925,840149236X,5
276925,8408011200,4
276925,8420427462,4
276925,8420432113,5
276925,8420444367,9
276925,8420789895,4
276925,8422655500,9
276925,8422657104,9
276925,842265783X,4
276925,8422693445,4
276925,8423325105,4
276925,8423662152,4
276925,8423951537,4
276925,8423970647,4
276925,8423976645,8
276925,8426109799,8
276925,8427007450,4
276925,8429712372,4
276925,8429714936,4
276925,842975295,4
276925,8429753419,4
276925,8432227706,4
276925,8434830809,4
276925,8434840391,4
276925,8440627203,4
276925,8440696833,4
276925,8445071572,4
276925,8447306194,4
276925,8447312054,4
276925,8449416078,4
276925,8472453723,4
276925,8473068971,4
276925,8474104823,4
276925,8474263123,4
276925,8475071163,4
276925,8475961290,4
276925,8476722338,4
276925,8478809783,4
276925,8482180088,4
276925,8483221306,4
276925,8489163499,4
276925,8495501090,4
276925,8495501198,4
276925,8496077152,4
276925,8496077209,4
276925,8496246140,4
276925,8497931467,4
276925,950491036X,14
276925,9508521481,4
276925,9871138016,4
276927,460010239,4
276927,749336145,14
276927,1899344705,5
276928,439135494,4
276928,059030271X,5
276928,590453661,4
276928,590470108,7
276928,590483404,4
276928,671021354,14
276928,671026283,14
276928,671027506,14
276928,671727109,4
276929,60964049,4
276929,380807343,4
276929,439064864,4
276929,2.02.032126.2,4
276929,2.264.03602.8,4
276929,2020058863,4
276929,2020062399,4
276929,2020101653,14
276929,202011528X,5
276929,20202006935,8
276929,20203119888,8
276929,2020386666,4
276929,2020564777,6
276929,2020591944,4
276929,2070365832,4
276929,2070378411,4
276929,2070386023,5
276929,2070394956,5
276929,2070404587,14
276929,2070404706,8
276929,2070404722,4
276929,2070406962,4
276929,2070408450,4
276929,2070425770,4
276929,2070725804,4
276929,2080680692,4
276929,2226070109,4
276929,2226126570,4
276929,2226135022,4
276929,2253030570,8
276929,2253049417,4
276929,2253050407,4
276929,2253055972,4
276929,225307659X,4
276929,2253171670,8
276929,2253172367,8
276929,2264010991,5
276929,2264013257,4
276929,2264018194,3
276929,2264024674,5
276929,226402593X,3
276929,2264027568,5
276929,2264029463,4
276929,226403114,5
276929,2264031158,6
276929,2264033282,4
276929,226403601X,4
276929,2264036036,14
276929,2266040820,4
276929,2266047280,7
276929,226604960,8
276929,22660861003,6
276929,2266096451,4
276929,2266102028,4
276929,2266102621,14
276929,2266104535,2
276929,2266105698,8
276929,2266121367,4
276929,2277302228,4
276929,2290303488,4
276929,2290308285,4
276929,2290312924,4
276929,2290315524,4
276929,2290321559,4
276929,2702424131,8
276929,2742724028,5
276929,2742724613,6
276929,2742729038,4
276929,2743602295,5
276929,2841469824,4
276929,2842611462,3
276929,2868696627,4
276929,2869304129,7
276929,2869304560,5
276929,2869304870,4
276929,2869305583,6
276929,2895400644,4
276929,2907572121,4
276929,290757213X,4
276934,1566190096,14
276936,749317256,4
276936,3453150538,4
276936,3492224628,4
276936,3492224768,6
276936,3596122279,5
276936,3596147700,3
276939,60011939,4
276939,99283697,4
276939,140187758,4
276939,316154601,4
276939,059035342X,4
276939,713628944,6
276939,752844040,4
276939,971880107,4
276939,1853260665,7
276939,2070414256,7
276939,2070419657,7
276939,2253063339,9
276939,2253137243,9
276939,2253144452,9
276939,2253152072,9
276939,2264027134,4
276939,226612269X,9
276939,2290318329,4
276939,2702400612,7
276939,2702401694,9
276939,2878580753,14
276939,8408040383,4
276939,8423310353,8
276939,844140321X,4
276939,8484601072,4
276943,330373269,4
276946,8882461327,4
276949,349202436X,8
276950,8807813858,4
276953,140182551,8
276953,446310786,14
276953,886776783,7
276954,971880107,4
276954,3257008155,4
276954,329300301X,4
276954,3419528078,8
276954,3423118709,14
276954,3440054594,4
276954,3442723078,4
276954,3453034120,14
276954,3480204015,4
276954,3492238882,4
276954,3499121808,4
276954,3499153629,4
276954,3502513333,4
276954,3502517371,4
276954,3502551685,4
276954,3596119502,4
276954,3596221234,4
276954,3596850185,4
276954,3772402542,4
276954,3772420176,7
276954,3794170180,4
276954,3806852456,8
276954,3808572612,4
276954,3821812028,4
276954,3922708072,4
276954,7321578936,4
276957,312966970,6
276959,680ISBN359623,6
276963,340818182,4
276964,61096261,4
276964,312169817,6
276964,312864590,4
276964,345348664,4
276964,345348672,14
276964,345354621,14
276964,345385764,4
276964,345435036,14
276964,385264356,14
276964,425104273,9
276964,425172546,4
276964,440218667,5
276964,440220602,9
276964,446522856,4
276964,451180054,4
276964,451198514,4
276964,515131520,6
276964,517093715,4
276964,553266306,4
276964,684867621,8
276964,765342987,4
